"last_name, first_name","player_id","year","player_age","p_game","pa","k_percent","bb_percent","p_era","xba","barrel_batted_rate","hard_hit_percent","whiff_percent","f_strike_percent","n_ff_formatted"
"Wainwright, Adam","425794","2021","39","32","828",21,6,"3.05",".251",6.2,35.6,20.2,64.4,"9.6"
"Greinke, Zack","425844","2021","37","30","697",17.2,5.2,"4.16",".266",6.5,35.4,21.8,66,"40"
"Hill, Rich","448179","2021","41","32","661",22.7,8.3,"3.86",".240",8.9,34.8,23.1,62.5,"47.1"
"Morton, Charlie","450203","2021","37","33","756",28.6,7.7,"3.34",".217",4.9,32.5,29.1,58.2,"36.1"
"Lester, Jon","452657","2021","37","28","627",14.5,8.8,"4.71",".274",7.7,37.2,20.1,56.9,"31.1"
"Scherzer, Max","453286","2021","36","30","693",34.1,5.2,"2.46",".196",8,34.3,34.2,64.1,"46.7"
"Happ, J.A.","457918","2021","38","30","671",18.2,7.2,"5.79",".274",11.6,41.8,19.6,61.7,"53.9"
"Lynn, Lance","458681","2021","34","28","641",27.5,7,"2.69",".198",5.8,36,26.3,58.5,"41.5"
"Miley, Wade","489119","2021","34","28","690",18.1,7.2,"3.37",".252",6.1,34.2,23.9,57.8,"16.2"
"Minor, Mike","501985","2021","33","28","669",22.3,6.1,"5.05",".245",9.3,35.9,24.4,61.1,"42.8"
"Gibson, Kyle","502043","2021","33","31","754",20.6,8.5,"3.71",".241",4.9,39.1,25.2,59.4,"12.6"
"Darvish, Yu","506433","2021","34","30","681",29.2,6.5,"4.22",".208",8.8,34.9,27.3,60.6,"22.1"
"Bumgarner, Madison","518516","2021","31","26","613",20.2,6.4,"4.67",".245",7.5,38.5,21.7,64.5,"33.1"
"Harvey, Matt","518774","2021","32","28","582",16.3,6.4,"6.27",".289",7.9,40.9,19.1,63.9,"34.1"
"Kelly, Merrill","518876","2021","32","27","667",19.5,6.1,"4.44",".270",6.3,39.6,20.6,62.2,"32"
"Pérez, Martín","527048","2021","30","36","509",19.1,7.1,"4.74",".280",9.3,42.2,19.3,62.6,"13.1"
"Anderson, Tyler","542881","2021","31","31","703",19.1,5.4,"4.53",".259",8.5,33,23.1,68.7,"37.3"
"Cole, Gerrit","543037","2021","30","30","726",33.5,5.6,"3.23",".209",9.8,38.6,31.9,66.8,"47.1"
"DeSclafani, Anthony","543101","2021","31","31","676",22.5,6.2,"3.17",".241",8.1,38.8,24.2,67,"27.1"
"Eovaldi, Nathan","543135","2021","31","32","764",25.5,4.6,"3.75",".238",6.3,36.4,25.9,65.3,"42.3"
"Gray, Sonny","543243","2021","31","26","575",27,8.7,"4.19",".216",4.7,32.1,26.2,59.1,"23.8"
"Hendricks, Kyle","543294","2021","31","32","785",16.7,5.6,"4.77",".276",8.4,33,20.1,67.8,"17.9"
"Lyles, Jordan","543475","2021","30","32","769",19,7.3,"5.15",".275",9.1,41.6,23.5,59.4,"39.4"
"Ryu, Hyun Jin","547943","2021","34","31","701",20.4,5.3,"4.37",".264",8.5,41.6,22.6,63.9,"35.3"
"Wheeler, Zack","554430","2021","31","32","849",29.1,5.4,"2.78",".215",4.6,28.5,26.8,66.8,"42.4"
"Corbin, Patrick","571578","2021","31","31","751",19,8,"5.82",".282",9.2,41.2,24.9,66,"28.3"
"Heaney, Andrew","571760","2021","30","30","558",26.9,7.3,"5.83",".237",9.4,40.8,28.3,67,"59.4"
"Matz, Steven","571927","2021","30","29","647",22.3,6.6,"3.82",".253",7,37.9,22.3,59.2,
"Richards, Garrett","572070","2021","33","40","617",18.6,9.7,"4.87",".285",8.5,47.8,22.5,59.4,"53"
"Keuchel, Dallas","572971","2021","33","32","720",13.2,8.2,"5.28",".302",9,39.8,21.1,59.4,"2.1"
"Stroman, Marcus","573186","2021","30","33","729",21.7,5.9,"3.02",".262",6.5,42,26.8,62.1,"2.6"
"Kikuchi, Yusei","579328","2021","30","29","666",24.5,9.3,"4.41",".261",11,47,27.7,62.9,"35.7"
"Foltynewicz, Mike","592314","2021","29","28","586",16.6,6.1,"5.44",".265",9.2,43,18.3,61.8,"29.3"
"Gausman, Kevin","592332","2021","30","33","775",29.3,6.5,"2.81",".230",7.1,40.9,31.4,63.6,"52.7"
"Gray, Jon","592351","2021","29","29","644",24.4,9,"4.59",".235",6.9,38.2,26.9,64.3,"47.6"
"Ray, Robbie","592662","2021","29","32","773",32.1,6.7,"2.84",".219",9.8,43.1,32.3,61.6,"59.2"
"Smith, Caleb","592761","2021","29","45","500",24.8,12.6,"4.83",".216",8.5,29.1,27.5,56.3,"48.1"
"Smyly, Drew","592767","2021","32","29","546",21.4,7.5,"4.48",".267",10.1,39,25,64.9,
"Taillon, Jameson","592791","2021","29","29","603",23.2,7.3,"4.30",".230",8.2,40.4,26.5,62.9,"49.5"
"Walker, Taijuan","592836","2021","28","30","654",22.3,8.4,"4.47",".245",10,39.4,23.6,64.1,"35.5"
"Montas, Frankie","593423","2021","28","32","778",26.6,7.3,"3.37",".237",8.7,42.3,29.6,65.2,"29.7"
"Rodriguez, Eduardo","593958","2021","28","32","675",27.4,7,"4.74",".233",6.8,33.6,26.3,63.6,"39.9"
"Gonzales, Marco","594835","2021","29","25","585",18.5,7.2,"3.96",".257",11.4,37,20.4,62.7,"50.3"
"Pivetta, Nick","601713","2021","28","31","661",26.5,9.8,"4.53",".219",8.2,40.4,24.6,63.4,"51.8"
"Bassitt, Chris","605135","2021","32","27","637",25,6.1,"3.15",".227",6.5,33.2,23.9,61.9,"19.3"
"Davies, Zach","605200","2021","28","32","668",17.1,11.2,"5.78",".293",9.1,43.3,22.3,52.4,"0"
"Houser, Adrian","605288","2021","28","28","599",17.5,10.7,"3.22",".240",5,36,19.2,58.8,"13.4"
"López, Jorge","605347","2021","28","33","555",20.2,10.1,"6.07",".275",9.3,43.5,20.7,56.6,"21.1"
"Musgrove, Joe","605397","2021","28","32","748",27.1,7.2,"3.18",".236",7.2,38.5,30,60.8,"20.3"
"Nola, Aaron","605400","2021","28","32","749",29.8,5.2,"4.63",".223",7.1,37.4,27.9,66.6,"37.4"
"Snell, Blake","605483","2021","28","27","550",30.9,12.5,"4.20",".232",11,41.2,31.8,57.6,"52.5"
"Woodruff, Brandon","605540","2021","28","30","708",29.8,6.1,"2.56",".226",5.8,32.7,28.2,66,"33.7"
"Rodón, Carlos","607074","2021","28","24","534",34.6,6.7,"2.37",".188",6.6,36.2,33.2,58.6,"58.7"
"Fedde, Erick","607200","2021","28","29","590",21.7,8.1,"5.47",".263",9.3,40.6,22.1,62.8,"1.3"
"Freeland, Kyle","607536","2021","28","23","515",20.4,7.4,"4.33",".247",8.2,35.3,21.6,60.4,"25.3"
"Means, John","607644","2021","28","26","590",22.7,4.4,"3.62",".242",10.1,37.8,25.4,69.3,"47.9"
"Fried, Max","608331","2021","27","28","667",23.7,6.1,"3.04",".234",6.3,34.3,24.8,64.6,"38.9"
"Giolito, Lucas","608337","2021","26","31","719",28,7.1,"3.53",".221",6.7,34.2,32.2,59.9,"43.9"
"Irvin, Cole","608344","2021","27","32","768",16.3,5.5,"4.24",".281",7.3,39.3,19.5,65.2,"40.5"
"Wacha, Michael","608379","2021","29","29","528",22.9,5.9,"5.05",".282",10.5,43,23,68.8,"35.9"
"Márquez, Germán","608566","2021","26","32","756",23.3,8.5,"4.40",".250",5.3,39.3,27.2,57.8,"45.5"
"Quantrill, Cal","615698","2021","26","40","616",19.6,7.6,"2.89",".244",6.8,34.5,22.1,65.6,"14.7"
"Kaprielian, James","621076","2021","27","24","502",24.5,8.2,"4.07",".239",9.3,42.3,27.2,59.2,"52.8"
"Buehler, Walker","621111","2021","26","33","815",26,6.4,"2.47",".218",6.8,37.1,26.5,65.4,"44.7"
"McCullers Jr., Lance","621121","2021","27","28","684",27,11.1,"3.16",".208",5.3,40.7,30.2,55.6,
"Mills, Alec","621219","2021","29","32","517",16.8,6.6,"5.07",".280",4.9,39.3,18.7,65.2,"17.3"
"Berríos, José","621244","2021","27","32","781",26.1,5.8,"3.52",".241",9.1,38.3,23.7,64.5,"26.7"
"Wood, Alex","622072","2021","30","26","585",26,6.7,"3.83",".239",5.3,40.5,27.6,64.6,
"Castillo, Luis","622491","2021","28","33","803",23.9,9.3,"3.98",".232",4.5,36.9,28.9,59.6,"28.5"
"Senzatela, Antonio","622608","2021","26","28","670",15.7,4.8,"4.42",".273",5.9,42.7,19.7,64,"54.5"
"Flexen, Chris","623167","2021","26","31","741",16.9,5.4,"3.61",".261",6.3,38.1,19.3,63.4,"40"
"Urías, Julio","628711","2021","24","32","745",26.2,5.1,"2.96",".219",5.3,30.3,24.3,70.7,"48.3"
"Crowe, Wil","640444","2021","26","26","524",21.2,10.9,"5.48",".255",9.4,37.1,25.5,54.2,"34.9"
"Manaea, Sean","640455","2021","29","32","754",25.7,5.4,"3.91",".249",8,41.2,27.1,66.6,"0.8"
"Alzolay, Adbert","640470","2021","26","29","519",24.7,6.6,"4.58",".248",9.9,38.1,27.2,63.8,"18.5"
"Dunning, Dane","641540","2021","26","27","511",22.3,8.4,"4.51",".265",8.1,43.5,23.2,63.4,"0.6"
"Keller, Brad","641745","2021","25","26","613",19.6,10.4,"5.39",".292",10.9,45,22.4,59.4,"29.6"
"Mahle, Tyler","641816","2021","26","33","759",27.7,8.4,"3.75",".228",6.5,34.3,28.4,63.9,"53"
"Yarbrough, Ryan","642232","2021","29","30","653",17.9,4.1,"5.11",".271",7.8,28.2,21.1,64.9,"13.1"
"Peralta, Freddy","642547","2021","25","28","580",33.6,9.7,"2.81",".174",6,31.8,34.2,61.7,"51.7"
"Alcantara, Sandy","645261","2021","25","33","837",24,6,"3.19",".232",6.1,39.4,27.5,64,"21.6"
"Cease, Dylan","656302","2021","25","32","708",31.9,9.6,"3.91",".210",9.9,38.8,34.6,58.3,"46.8"
"Montgomery, Jordan","656756","2021","28","30","661",24.5,7.7,"3.83",".248",7.4,36.5,29.2,66.9,"16.2"
"Webb, Logan","657277","2021","24","27","596",26.5,6,"3.03",".229",5.6,38.8,28.7,66.6,"9.8"
"Ohtani, Shohei","660271","2021","26","23","533",29.3,8.3,"3.18",".206",7.1,39.9,28.9,58,"44"
"Bubic, Kris","663460","2021","23","29","556",20.5,10.6,"4.43",".255",9,39.6,23.4,55.4,"52"
"Allard, Kolby","663465","2021","23","32","534",19.5,5.8,"5.41",".266",10.6,39,19.8,60.5,"47.3"
"Mize, Casey","663554","2021","24","30","612",19.3,6.7,"3.71",".254",10,40,22.6,62.3,"29.7"
"McClanahan, Shane","663556","2021","24","25","517",27.3,7.2,"3.43",".263",10.7,45.7,32.1,64.4,"40.9"
"Singer, Brady","663903","2021","24","27","586",22.4,9,"4.91",".257",5.6,37.6,25.3,55.8,"0.3"
"Brubaker, JT","664141","2021","27","24","537",24,6.9,"5.36",".252",8.8,38.7,27.4,61.8,"24.5"
"Valdez, Framber","664285","2021","27","22","572",21.9,10.1,"3.14",".230",5.8,44.4,26.3,54.2,"5"
"Anderson, Ian","666120","2021","23","24","535",23.2,9.9,"3.58",".240",9.5,38.7,28.6,58.9,"47.1"
"Plesac, Zach","668676","2021","26","25","598",16.7,5.7,"4.67",".255",9.4,43.4,23.1,65.9,"41.8"
"Gallen, Zac","668678","2021","25","23","523",26.6,9.4,"4.30",".230",7.9,43,23.6,61.6,"53.7"
"Burnes, Corbin","669203","2021","26","28","657",35.6,5.2,"2.43",".180",3.1,30.5,37.3,62.4,"1.3"
"Gilbert, Logan","669302","2021","24","24","503",25.4,5.6,"4.68",".242",8.8,44.6,27.1,62.2,"61.5"
"Skubal, Tarik","669373","2021","24","31","634",25.9,7.4,"4.34",".267",13.9,45.1,26.7,64.2,"42.8"
"Rogers, Trevor","669432","2021","23","25","550",28.5,8.4,"2.64",".223",5,36.7,31,56.9,"57.7"
"Garcia, Luis","677651","2021","24","30","633",26.4,7.9,"3.48",".236",7.3,38.7,30.7,59.9,"44.7"
"Wainwright, Adam","425794","2022","40","32","803",17.8,6.7,"3.71",".270",6.5,36.6,16.9,62.6,"9.4"
"Greinke, Zack","425844","2022","38","26","585",12.5,4.6,"3.68",".284",6.8,39.6,17.4,64.8,"38.3"
"Verlander, Justin","434378","2022","39","28","666",27.8,4.4,"1.75",".207",6.3,34.8,24.2,62,"50.4"
"Kluber, Corey","446372","2022","36","31","689",20.2,3,"4.34",".261",6.9,34.7,23.9,68.4,"1.5"
"Hill, Rich","448179","2022","42","26","526",20.7,7,"4.27",".240",8.2,34,22,63.3,"35.6"
"Morton, Charlie","450203","2022","38","31","728",28.2,8.7,"4.34",".228",9.5,42.1,29.3,58.7,"33.7"
"Scherzer, Max","453286","2022","37","23","565",30.6,4.2,"2.29",".202",8.4,33.9,30.6,66.4,"45.4"
"Cueto, Johnny","456501","2022","36","25","651",15.7,5.1,"3.35",".263",7.3,35.9,17.6,66.7,"19.8"
"Lynn, Lance","458681","2022","35","21","512",24.2,3.7,"3.99",".242",6.7,38.7,28.5,65.4,"45.9"
"Carrasco, Carlos","471911","2022","35","29","645",23.6,6.4,"3.97",".253",7,39.5,27.7,68.4,"35.5"
"Quintana, Jose","500779","2022","33","32","679",20.2,6.9,"2.93",".257",5.5,35.8,24,61.6,"36"
"Gibson, Kyle","502043","2022","34","31","718",20.1,6.7,"5.05",".262",7.5,37.5,25.2,58.9,"11.9"
"Cobb, Alex","502171","2022","34","28","631",23.9,6.8,"3.73",".234",3.7,41.1,24.9,64.5,"0.2"
"Darvish, Yu","506433","2022","35","30","771",25.6,4.8,"3.10",".226",8.8,37.1,25.1,64.2,"25.5"
"Bumgarner, Madison","518516","2022","32","30","698",16,7,"4.88",".276",9.8,43.2,18.2,61.7,"32"
"Kelly, Merrill","518876","2022","33","33","804",22,7.6,"3.37",".230",8.3,36.5,23.6,62.4,"30.8"
"Pérez, Martín","527048","2022","31","32","821",20.6,8.4,"2.89",".241",4.3,34.9,21,62.6,"8"
"Anderson, Tyler","542881","2022","32","30","707",19.5,4.8,"2.57",".225",4.9,28.5,24.3,66.1,"38"
"Cole, Gerrit","543037","2022","31","33","793",32.4,6.3,"3.50",".214",9.5,40.2,34.1,61.5,"51.9"
"Lyles, Jordan","543475","2022","31","32","774",18.6,6.7,"4.42",".267",10.4,38.8,21.9,61.4,"31.8"
"Stripling, Ross","548389","2022","32","32","536",20.7,3.7,"3.01",".251",9.2,37.2,23.6,70.3,"33.7"
"Wheeler, Zack","554430","2022","32","26","607",26.9,5.6,"2.82",".226",7.7,34.5,25.1,67.2,"42.3"
"Corbin, Patrick","571578","2022","32","31","713",18,6.9,"6.31",".304",11,45,20.9,69,"16.9"
"Mikolas, Miles","571945","2022","33","33","805",19,4.8,"3.29",".252",6.9,36,18.7,63.4,"27.3"
"Stroman, Marcus","573186","2022","31","25","569",20.9,6.3,"3.50",".254",6.6,40.7,22.4,66.8,"8.5"
"Gausman, Kevin","592332","2022","31","31","725",28.3,3.9,"3.35",".242",8.1,38.5,29.4,68,"48.8"
"Gray, Jon","592351","2022","30","24","521",25.7,7.5,"3.96",".230",6.1,38,25.9,67.6,"50.5"
"Ray, Robbie","592662","2022","30","32","775",27.4,8,"3.71",".223",7.9,39.1,30,64.4,"39.3"
"Syndergaard, Noah","592789","2022","29","25","565",16.8,5.5,"3.94",".264",7.8,34,20.2,65.3,"14.7"
"Taillon, Jameson","592791","2022","30","32","728",20.7,4.4,"3.91",".260",8.3,36.2,23.1,63.7,"35.6"
"Walker, Taijuan","592836","2022","29","29","649",20.3,6.9,"3.49",".245",7.3,40.6,23.6,62.7,"29.8"
"Montas, Frankie","593423","2022","29","27","608",23.4,7.1,"4.05",".242",8,34.2,27.6,60.9,"28.4"
"Gonzales, Marco","594835","2022","30","32","783",13.2,6.4,"4.13",".266",7.2,35,18.3,63.1,"36.6"
"Gomber, Austin","596295","2022","28","33","529",18,6.4,"5.56",".267",8.5,35.9,22.1,59.2,"40.6"
"Pivetta, Nick","601713","2022","29","33","773",22.6,9.4,"4.56",".248",9,45.6,23.5,60,"51"
"Bassitt, Chris","605135","2022","33","30","745",22.4,6.6,"3.42",".227",6.6,32.8,23.6,60.9,"13.1"
"Bundy, Dylan","605164","2022","29","29","595",15.8,4.7,"4.89",".263",8.9,38.3,21.3,67.9,"39.7"
"Davies, Zach","605200","2022","29","27","570",17.9,9.1,"4.09",".250",8,34.5,21.5,55.8,"4.7"
"Musgrove, Joe","605397","2022","29","30","740",24.9,5.7,"2.93",".224",6,32.5,25.5,64.5,"24"
"Nola, Aaron","605400","2022","29","32","807",29.1,3.6,"3.25",".211",7.1,31.6,27.9,70.1,"33.4"
"Snell, Blake","605483","2022","29","24","535",32,9.5,"3.38",".207",7.4,39.5,32.8,64.7,"55.5"
"Springs, Jeffrey","605488","2022","29","33","549",26.2,5.6,"2.46",".231",5.9,37.7,29.6,64.1,"40.4"
"Thompson, Zach","605507","2022","28","29","543",16.6,8.5,"5.18",".281",6.4,39.6,24.1,63,"16.2"
"Woodruff, Brandon","605540","2022","29","27","620",30.6,6.8,"3.05",".212",7.1,37.5,31.1,65.6,"38.5"
"Rodón, Carlos","607074","2022","29","31","710",33.4,7.3,"2.88",".198",6.5,39.8,31.2,61.5,"61.2"
"Fedde, Erick","607200","2022","29","27","573",16.4,10.1,"5.81",".283",8.1,43.5,18.4,61.4,
"Freeland, Kyle","607536","2022","29","31","766",17.1,6.9,"4.53",".271",9.7,42.4,20.8,61.9,"23.7"
"Fried, Max","608331","2022","28","30","733",23.2,4.4,"2.48",".227",4,32.1,26.1,61.7,"32.5"
"Giolito, Lucas","608337","2022","27","30","698",25.4,8.7,"4.90",".249",7.5,39,28.5,61.3,"47.7"
"Irvin, Cole","608344","2022","28","30","741",17.3,4.9,"3.98",".258",9.6,39.5,20.6,66.8,"37.5"
"Wacha, Michael","608379","2022","30","23","515",20.2,6,"3.32",".254",9.6,35.4,20.7,60.8,"33"
"Márquez, Germán","608566","2022","27","31","779",19.3,8.1,"4.95",".256",7.1,47.2,23.2,65.1,"30"
"Quantrill, Cal","615698","2022","27","32","770",16.6,6.1,"3.38",".258",7.5,35.7,18.5,64,"2.7"
"Kaprielian, James","621076","2022","28","26","577",17,10.2,"4.23",".254",8,36.4,21.3,58.1,"48.9"
"Berríos, José","621244","2022","28","32","753",19.8,6,"5.23",".275",9.5,43.8,21.3,66.1,"27.7"
"Wood, Alex","622072","2022","31","26","555",23.6,5.4,"5.10",".247",7.1,39.8,25,63.4,
"Castillo, Luis","622491","2022","29","25","615",27.2,7.3,"2.99",".223",6.9,37.6,27.8,61.1,"32.9"
"Flexen, Chris","623167","2022","27","33","590",16.1,8.6,"3.73",".256",9,40,21.8,58.9,"39.4"
"Suárez, Ranger","624133","2022","26","29","662",19.5,8.8,"3.65",".241",6.8,34.9,21.4,57.6,"17.7"
"Urías, Julio","628711","2022","25","31","689",24.1,6,"2.16",".205",6.7,30.4,23.9,66.6,"49.2"
"Manaea, Sean","640455","2022","30","30","671",23.2,7.5,"4.96",".240",9.1,42.9,25.6,63.8,"51.5"
"López, Pablo","641154","2022","26","32","736",23.6,7.2,"3.75",".239",9,35.1,28.2,62.9,"38.9"
"Cortes Jr., Nestor","641482","2022","27","28","615",26.5,6.2,"2.44",".204",5.3,34.7,24.5,67.3,"43.8"
"Dunning, Dane","641540","2022","27","29","671",20.4,9.2,"4.46",".250",8.9,38,24.5,59.6,"0.1"
"Hudson, Dakota","641712","2022","27","27","596",13.1,10.2,"4.45",".276",6,40.4,17.6,59.2,"20.2"
"Keller, Brad","641745","2022","26","35","617",16.5,9.2,"5.09",".256",6.6,41.4,21.6,54.1,"35.3"
"Kuhl, Chad","641771","2022","29","27","617",17.8,9.4,"5.72",".272",9.7,44.6,23.6,59.6,"2.5"
"Lauer, Eric","641778","2022","27","29","661",23.8,8.9,"3.69",".240",8,38,24.2,62,"43.9"
"Mahle, Tyler","641816","2022","27","23","503",25,8.5,"4.40",".214",7.5,38.3,26.8,61.6,"52"
"Alcantara, Sandy","645261","2022","26","32","886",23.4,5.6,"2.28",".215",5.3,38.5,25.4,62.5,"25.1"
"Cease, Dylan","656302","2022","26","32","747",30.4,10.4,"2.20",".184",6.2,31.2,33.3,58.2,"39.8"
"Keller, Mitch","656605","2022","26","31","687",20.1,8.7,"3.91",".253",7.1,37.3,21.6,56.8,"33.3"
"Montgomery, Jordan","656756","2022","29","32","724",21.8,5,"3.48",".258",7.1,37.5,27.5,65.7,"17.1"
"Rasmussen, Drew","656876","2022","26","28","584",21.4,5.3,"2.84",".238",6.6,39.2,25.3,62.7,"35.7"
"Steele, Justin","657006","2022","26","24","512",24.6,9.8,"3.18",".237",3.9,33.7,24,59.8,"56.4"
"Wright, Kyle","657140","2022","26","30","738",23.6,7.2,"3.19",".244",6.8,41.1,26.5,64.6,"19.3"
"Otto Jr., Glenn","657248","2022","26","27","587",18.2,10.6,"4.64",".247",8.9,38.1,23.1,53.5,"23.2"
"Webb, Logan","657277","2022","25","32","787",20.7,6.2,"2.90",".247",5.5,39,24.1,65.3,"3.2"
"Ryan, Joe","657746","2022","26","27","604",25,7.8,"3.55",".215",8.6,35.4,25.6,64.4,"60.3"
"Ohtani, Shohei","660271","2022","27","28","660",33.2,6.7,"2.33",".204",6.3,33.2,33.1,60.6,"27.3"
"Bubic, Kris","663460","2022","24","28","587",18.7,10.7,"5.58",".286",7.8,44.9,21.3,58.9,"50.5"
"McKenzie, Triston","663474","2022","24","31","741",25.6,5.9,"2.96",".222",9.8,40.6,26.8,62.5,"56.1"
"McClanahan, Shane","663556","2022","25","28","640",30.3,5.8,"2.54",".207",6.4,32.6,34.3,62.8,"35.6"
"Lynch IV, Daniel","663738","2022","25","27","600",20.3,8.7,"5.13",".276",8.8,47.7,25.4,58.9,"42.8"
"Sandoval, Patrick","663776","2022","25","27","638",23.7,9.4,"2.91",".245",5.7,34,29.6,58,"22.8"
"Singer, Brady","663903","2022","25","27","621",24.2,5.6,"3.23",".247",8.2,40.9,23,60.2,"0.5"
"Brubaker, JT","664141","2022","28","28","646",22.8,8.4,"4.69",".256",7.6,41.3,27.6,63.9,"5.9"
"Valdez, Framber","664285","2022","28","31","827",23.5,8.1,"2.82",".227",5.8,41.6,25.8,59.3,"3.6"
"Javier, Cristian","664299","2022","25","30","585",33.2,8.9,"2.54",".168",7.2,33.6,30.4,55.9,"60.1"
"Urquidy, José","664353","2022","27","29","681",19.7,5.6,"3.94",".256",9.4,40.8,22.3,65.5,"52.7"
"Kremer, Dean","665152","2022","26","22","512",17,6.6,"3.23",".264",7.3,39.2,22.3,65.2,"32.7"
"Manoah, Alek","666201","2022","24","31","786",22.9,6.5,"2.24",".224",5.4,31.5,24.9,61.8,"35.8"
"Plesac, Zach","668676","2022","27","25","568",17.6,6.7,"4.31",".278",9.6,41.5,22,61.4,"43"
"Gallen, Zac","668678","2022","26","31","714",26.9,6.6,"2.54",".213",7.8,36.1,23,64.6,"48"
"Greene, Hunter","668881","2022","22","24","531",30.9,9,"4.44",".219",9.4,40.1,32,64.4,"53.7"
"Wilson, Bryse","669060","2022","24","25","509",15.5,6.3,"5.52",".291",7.7,43.8,18,60.1,"23.7"
"Burnes, Corbin","669203","2022","27","33","797",30.5,6.4,"2.94",".212",5.7,34.1,35.2,58.1,"0.5"
"Gilbert, Logan","669302","2022","25","32","766",22.7,6.4,"3.20",".253",7.1,45.6,24.2,63.7,"53.9"
"Bieber, Shane","669456","2022","27","31","791",25,4.6,"2.88",".245",7.2,43.1,29.7,66,"34.4"
"Kirby, George","669923","2022","24","25","542",24.5,4.1,"3.39",".233",8.9,38.7,21.2,67.7,"45.4"
"Detmers, Reid","672282","2022","22","25","539",22.6,8.5,"3.77",".243",8,38.6,25.5,60.1,"44.1"
"Strider, Spencer","675911","2022","23","31","528",38.3,8.5,"2.67",".179",6.1,36,34.9,60.2,"67"
"Garcia, Luis","677651","2022","25","28","643",24.4,7.3,"3.72",".227",7.8,36.3,29.2,58.2,"42.1"
"Gray, Josiah","680686","2022","24","28","649",23.7,10.2,"5.02",".218",10.7,36.9,27,57.8,"38.9"
"Bradish, Kyle","680694","2022","25","23","509",21.8,9,"4.90",".253",7.8,41,23.6,57.8,"44.5"
"Greinke, Zack","425844","2023","39","30","593",16.4,3.9,"5.06",".290",7.7,38.8,17.3,66.4,"26.6"
"Verlander, Justin","434378","2023","40","27","669",21.5,6.7,"3.22",".229",8.2,41.3,22.5,57.4,"50"
"Hill, Rich","448179","2023","43","32","660",19.5,8.8,"5.41",".280",10.1,39.9,19.3,59.7,"34.1"
"Morton, Charlie","450203","2023","39","30","716",25.6,11.6,"3.64",".248",7.8,39.1,32.2,59.8,"31.7"
"Scherzer, Max","453286","2023","38","27","621",28,7.2,"3.77",".207",8.5,36.9,28.6,69.9,"46.3"
"Lynn, Lance","458681","2023","36","32","808",23.6,8.3,"5.73",".252",10.4,39.3,28.8,64.2,"43.7"
"Kershaw, Clayton","477132","2023","35","24","523",26.2,7.6,"2.46",".232",9,39.1,28.1,68.3,"36.9"
"Gibson, Kyle","502043","2023","35","33","807",19.5,6.8,"4.73",".270",7.6,44.5,25.4,62.5,"13.4"
"Cobb, Alex","502171","2023","35","28","646",20.3,5.7,"3.87",".278",7,43.4,21.7,65.9,"0.3"
"Darvish, Yu","506433","2023","36","24","573",24.6,7.3,"4.56",".242",6.8,38.2,25.1,60.4,"16.7"
"Kelly, Merrill","518876","2023","34","30","721",25.9,9.4,"3.29",".244",7.8,41.8,27,61,"30.1"
"Pérez, Martín","527048","2023","32","35","608",15.3,8.1,"4.45",".271",7.6,37.2,17.5,63.8,"4"
"Anderson, Tyler","542881","2023","33","27","629",18.9,10.2,"5.43",".259",8.2,32.3,27.8,59.9,"37.5"
"Cole, Gerrit","543037","2023","32","33","821",27,5.8,"2.63",".232",7.6,39.2,26.2,67.7,"53"
"Eovaldi, Nathan","543135","2023","33","25","577",22.9,8.1,"3.63",".238",7.9,43.1,26.4,60,"37.2"
"Gray, Sonny","543243","2023","33","32","754",24.3,7.3,"2.79",".244",6.9,39.2,26.1,61,"27.1"
"Hendricks, Kyle","543294","2023","33","24","578",16.1,4.7,"3.74",".269",6.2,31.5,21.1,67,"20.5"
"Lyles, Jordan","543475","2023","32","31","748",16,6,"6.28",".265",9.9,35.5,20.1,59.9,"30.5"
"Lorenzen, Michael","547179","2023","31","29","624",17.8,7.5,"4.18",".258",8,40.2,21.7,66.7,"34.7"
"Wheeler, Zack","554430","2023","33","32","787",26.9,5,"3.61",".229",5.1,36.4,28.6,61.6,"43.4"
"Corbin, Patrick","571578","2023","33","32","790",15.7,7.2,"5.20",".303",9.3,44,21.4,65.4,"16.8"
"Heaney, Andrew","571760","2023","32","34","641",23.6,9.4,"4.15",".240",10.2,38.6,26.5,67.2,"57.9"
"Mikolas, Miles","571945","2023","34","35","860",15.9,4.5,"4.78",".291",9.8,43,16.7,68,"26"
"Stroman, Marcus","573186","2023","32","27","575",20.7,9,"3.95",".264",5,41.4,22.4,57.9,"8.2"
"Kikuchi, Yusei","579328","2023","32","32","700",25.9,6.9,"3.86",".249",9,42.4,28,59.4,"45.1"
"Gausman, Kevin","592332","2023","32","31","763",31.1,7.2,"3.16",".235",9.9,43.3,28.9,63.4,"50.9"
"Gray, Jon","592351","2023","31","29","656",21.6,8.2,"4.12",".260",6.4,39.5,26.4,66.5,"42.4"
"Smyly, Drew","592767","2023","34","41","626",22.5,8.9,"5.00",".241",7.3,33.6,27.1,62.6,
"Taillon, Jameson","592791","2023","31","30","655",21.4,6.3,"4.84",".259",10.7,38.4,22,69.6,"34.3"
"Walker, Taijuan","592836","2023","30","31","733",18.8,9.7,"4.38",".248",6.8,40.9,20.5,60.7,"17.6"
"Williams, Trevor","592866","2023","31","30","658",16.9,7.9,"5.55",".281",10.2,38.6,19,58.7,"43.2"
"Rodriguez, Eduardo","593958","2023","30","26","621",23,7.7,"3.30",".247",7.5,38.5,23.8,64.1,"45.5"
"Weaver, Luke","596133","2023","29","29","563",19.4,7.1,"6.40",".286",9.8,42,21.6,60.2,"43.5"
"Gomber, Austin","596295","2023","29","27","603",14.4,7.1,"5.50",".292",8.9,44.3,19.1,63.3,"43.9"
"Pivetta, Nick","601713","2023","30","38","587",31.2,8.5,"4.04",".223",11.8,43.8,29.6,61.6,"50.6"
"Bassitt, Chris","605135","2023","34","33","826",22.5,7.1,"3.60",".241",8.3,35.3,21.9,63.4,"9.3"
"Clevinger, Mike","605182","2023","32","24","549",20,7.3,"3.77",".239",7.2,35.9,23.2,63.4,"47.9"
"Nola, Aaron","605400","2023","30","32","793",25.5,5.7,"4.46",".240",8.3,38.5,26,64.8,"29.5"
"Snell, Blake","605483","2023","30","32","742",31.5,13.3,"2.25",".208",7.4,33.8,37.3,59.3,"48.6"
"Rea, Colin","607067","2023","32","26","517",21.3,7.4,"4.55",".253",7.7,43.3,24,64.6,"19.3"
"Freeland, Kyle","607536","2023","30","29","677",13.9,6.2,"5.03",".294",8.7,43.5,17.2,65.3,"18.4"
"Lugo, Seth","607625","2023","33","26","604",23.2,6,"3.57",".260",9.6,44.2,21.9,63.1,"31.7"
"Giolito, Lucas","608337","2023","28","33","794",25.7,9.2,"4.88",".239",11,41.6,28.8,61.3,"41.9"
"Wacha, Michael","608379","2023","31","24","553",22.4,7.8,"3.22",".250",7.3,35.5,24.6,61.8,"28.9"
"Eflin, Zach","621107","2023","29","31","703",26.5,3.4,"3.50",".221",9,35.1,24.1,65.7,"6.2"
"Berríos, José","621244","2023","29","32","782",23.5,6.6,"3.65",".261",8.6,35.8,25.5,63,"20.4"
"Castillo, Luis","622491","2023","30","33","802",27.3,7,"3.34",".230",9.4,41.8,30.6,63.7,"44.4"
"Suárez, Ranger","624133","2023","27","22","540",22,8.9,"4.18",".262",7.5,36.1,23.1,61.5,"21.5"
"López, Pablo","641154","2023","27","32","801",29.2,6,"3.66",".216",6.3,34.8,30.3,68.9,"34.5"
"Dunning, Dane","641540","2023","28","35","722",19.4,7.6,"3.70",".261",7.5,40.2,22.3,63,"3.2"
"France, J.P.","641585","2023","28","24","581",17.4,8.1,"3.83",".267",8.1,38.7,21.9,58.2,"43.1"
"Ober, Bailey","641927","2023","27","26","577",25.3,5,"3.43",".226",9.6,35.7,28.7,66,"45.7"
"Peralta, Freddy","642547","2023","27","30","680",30.9,7.9,"3.86",".214",8.6,37.7,33.6,62.4,"51.2"
"Alcantara, Sandy","645261","2023","27","28","762",19.8,6.3,"4.14",".265",7,40.6,25.4,65,"21.3"
"Civale, Aaron","650644","2023","28","23","504",23,6.5,"3.46",".243",6.6,36.4,22.7,68.7,"12.3"
"Canning, Griffin","656288","2023","27","24","536",25.9,6.7,"4.32",".236",9.8,44.2,29.1,60.3,"34.8"
"Cease, Dylan","656302","2023","27","33","784",27.3,10.1,"4.58",".241",6.2,41.6,31,61.1,"43.2"
"Flaherty, Jack","656427","2023","27","29","650",22.8,10.2,"4.99",".270",7.3,38.3,26.6,58.9,"41.7"
"Keller, Mitch","656605","2023","27","32","825",25.5,6.7,"4.21",".251",8.6,35.6,23.2,63.8,"26.1"
"Kopech, Michael","656629","2023","27","30","591",22.7,15.4,"5.43",".240",12.7,42.4,26.9,53.5,"61.4"
"Megill, Tylor","656731","2023","27","25","567",18.5,10.2,"4.70",".283",9.1,42.6,23.4,54.3,"55.7"
"Montgomery, Jordan","656756","2023","30","32","777",21.4,6.2,"3.20",".253",7.5,37.9,26,64.7,"10.6"
"Steele, Justin","657006","2023","27","30","716",24.6,5,"3.06",".250",5.4,36.6,24,65.5,"62.6"
"Webb, Logan","657277","2023","26","33","850",22.8,3.6,"3.25",".255",6.9,46,20.8,65.3,"3.7"
"Schmidt, Clarke","657376","2023","27","33","694",21.5,6.6,"4.64",".256",7.6,41,22.8,63.7,
"Ryan, Joe","657746","2023","27","29","672",29.3,5.1,"4.51",".224",8.7,41.6,26.8,67.3,"56.9"
"Ohtani, Shohei","660271","2023","28","23","531",31.5,10.4,"3.14",".206",10.1,35,30.8,60.1,"33"
"Irvin, Jake","663623","2023","26","24","530",18.7,10.2,"4.61",".258",10.3,39.6,17.9,56.8,"35.6"
"Sandoval, Patrick","663776","2023","26","28","652",19.6,11.3,"4.11",".261",7,35.1,27.7,59,"25.5"
"Singer, Brady","663903","2023","26","29","702",18.9,7,"5.52",".276",7.8,48.6,22.7,61.5,"0.2"
"Valdez, Framber","664285","2023","29","31","808",24.8,7.1,"3.45",".252",8,45.6,26.8,58.8,"0.1"
"Javier, Cristian","664299","2023","26","31","687",23.1,9,"4.56",".230",9.4,38.3,27.1,55.3,"58.4"
"Kremer, Dean","665152","2023","27","32","735",21.4,7.5,"4.12",".270",8.9,40.3,24,62.6,"37.1"
"Garrett, Braxton","666129","2023","25","31","659",23.7,4.4,"3.66",".275",7.8,45.1,25.4,66.3,"7.5"
"Luzardo, Jesús","666200","2023","25","32","741",28.1,7.4,"3.58",".235",9.5,40,31.4,59.4,"45.7"
"Gallen, Zac","668678","2023","27","34","846",26,5.6,"3.47",".254",9.2,46.2,26.4,66.1,"49"
"Ashcraft, Graham","668933","2023","25","26","624",17.8,8.3,"4.76",".272",6.9,38.9,22.3,59.8,
"Gore, MacKenzie","669022","2023","24","27","582",25.9,9.8,"4.42",".261",12.1,43.7,27.9,58.9,"59.5"
"Nelson, Ryne","669194","2023","25","29","619",15.5,7.4,"5.31",".269",11.6,42.7,20.3,62.2,"54.6"
"Burnes, Corbin","669203","2023","28","32","784",25.5,8.4,"3.39",".224",5.3,32.4,28.8,59.3,
"Gilbert, Logan","669302","2023","26","32","770",24.5,4.7,"3.73",".243",9,44.6,26.4,63.5,"41.9"
"Bieber, Shane","669456","2023","28","21","533",20.1,6.4,"3.80",".284",7.8,47.8,24.3,67.4,"35.2"
"Kirby, George","669923","2023","25","31","757",22.7,2.5,"3.35",".262",7.5,40.9,22.9,69.5,"39.4"
"Oviedo, Johan","670912","2023","25","32","781",20.2,10.6,"4.31",".249",7.6,40.2,26,53.9,"39.2"
"Allen, Logan","671106","2023","24","24","537",22.2,8.9,"3.81",".257",7.6,39.1,24,63.3,"45.1"
"Detmers, Reid","672282","2023","23","28","644",26.1,9.3,"4.48",".253",6.2,41.4,27.1,61.5,"43.2"
"Senga, Kodai","673540","2023","30","29","694",29.1,11.1,"2.98",".225",6.8,40.6,29.7,56.9,"37"
"Strider, Spencer","675911","2023","24","32","763",36.8,7.6,"3.86",".205",8.2,36.1,38.6,67.1,"58.9"
"Miller, Bobby","676272","2023","24","22","505",23.6,6.3,"3.76",".229",6,37.6,26.8,64.6,"28.9"
"Bibee, Tanner","676440","2023","24","25","585",24.1,7.7,"2.98",".235",6.1,38.1,26.3,62.1,"47"
"Sears, JP","676664","2023","27","32","735",21.9,7.2,"4.54",".245",11.1,38.4,24.8,64.8,"50.1"
"Crawford, Kutter","676710","2023","27","31","527",25.6,6.8,"4.04",".208",7.7,35.3,26.8,62.6,"39.2"
"Bello, Brayan","678394","2023","24","28","668",19.8,6.7,"4.24",".253",7,44.3,24.4,64.5,"20.6"
"Rodriguez, Grayson","680570","2023","23","23","515",25,8.2,"4.35",".255",7.3,43.7,26.3,61.7,"49.6"
"Gray, Josiah","680686","2023","25","30","698",20.5,11.5,"3.91",".254",9.4,36.7,26.2,59.9,"17"
"Bradish, Kyle","680694","2023","26","30","671",25,6.6,"2.83",".239",6.9,42,26,57.7,"22.4"
"Miller, Bryce","682243","2023","24","25","537",22.2,4.8,"4.32",".270",10.9,42.1,24.3,65.9,"58.4"
"Waldichuk, Ken","686610","2023","25","35","639",20.7,11.1,"5.36",".242",7.7,38.5,25.1,56.1,"54.3"
"Brown, Hunter","686613","2023","24","31","665",26.8,8.3,"5.09",".240",10.9,44.4,24.8,58.3,"46.1"
"Elder, Bryce","693821","2023","24","31","732",17.5,8.6,"3.81",".263",6,41,23.6,63.1,"13.4"
"Morton, Charlie","450203","2024","40","30","701",23.8,9.3,"4.19",".243",9.3,38.4,26.1,59.5,"28.9"
"Lynn, Lance","458681","2024","37","23","511",21.3,8.6,"3.84",".262",10.5,39.3,24.1,62.6,"47.2"
"Quintana, Jose","500779","2024","35","31","717",18.8,8.8,"3.75",".257",6.7,38.2,22.2,63,"22.5"
"Gibson, Kyle","502043","2024","36","30","722",20.9,9.4,"4.24",".263",9.2,39.1,25.9,57.6,"13.2"
"Sale, Chris","519242","2024","35","29","702",32.1,5.6,"2.38",".213",5.6,31.2,31,69.1,"37.8"
"Pérez, Martín","527048","2024","33","26","590",18.1,8.3,"4.53",".277",8.6,41.5,21,63.7,"5.4"
"Anderson, Tyler","542881","2024","34","31","765",18.6,9.5,"3.81",".245",7.9,33,27.8,58.7,"39.6"
"Eovaldi, Nathan","543135","2024","34","29","696",23.9,6,"3.80",".246",7.7,42.6,26.8,65.7,"37.4"
"Gray, Sonny","543243","2024","34","28","671",30.3,5.8,"3.84",".237",8.9,37.9,29.8,63.6,"23.9"
"Hendricks, Kyle","543294","2024","34","29","567",15.3,7.6,"5.92",".276",7.4,33.4,18.9,68.4,"12.7"
"Suárez, Albert","544150","2024","34","32","565",19.1,7.6,"3.70",".243",7.1,38.4,24.6,58.9,"50"
"Lorenzen, Michael","547179","2024","32","26","535",18.1,11,"3.31",".243",8,39.4,22.8,61.1,"27.2"
"Wheeler, Zack","554430","2024","34","32","787",28.5,6.6,"2.57",".197",8.3,33.6,27.5,64,"41.4"
"Corbin, Patrick","571578","2024","34","32","764",18.2,7.1,"5.62",".295",8.3,46.7,22.4,65.4,"7.6"
"Heaney, Andrew","571760","2024","33","32","693",22.9,5.9,"4.28",".253",8.3,40.1,26.3,63.6,"50.1"
"Mikolas, Miles","571945","2024","35","32","720",16.9,3.5,"5.35",".278",8.1,42.3,16.4,72.4,"27.9"
"Stroman, Marcus","573186","2024","33","30","675",16.7,8.9,"4.31",".271",6.7,40.2,20.4,59.1,"3.2"
"Kikuchi, Yusei","579328","2024","33","32","736",28,6,"4.05",".239",9.7,45,29,65.4,"47"
"Gausman, Kevin","592332","2024","33","31","756",21.4,7.4,"3.83",".257",9.7,42.4,23.4,64.4,"52.8"
"Taillon, Jameson","592791","2024","32","28","675",18.5,4.9,"3.27",".256",7.2,38.8,19.5,65.6,"29.6"
"Montas, Frankie","593423","2024","31","30","655",22.6,10.1,"4.84",".247",9.2,43.1,24.9,62.9,"33.2"
"Lively, Ben","594902","2024","32","29","632",18.7,7.8,"3.81",".240",6.5,41.5,18.6,65.7,"31.4"
"Gomber, Austin","596295","2024","30","30","696",16.7,5.5,"4.75",".278",9.6,41.2,19.9,62.2,"40.3"
"Pivetta, Nick","601713","2024","31","27","595",28.9,6.1,"4.14",".221",10.1,38.9,25.6,68.4,"48.6"
"Bassitt, Chris","605135","2024","35","31","758",22.2,9.2,"4.16",".256",7.5,37.1,21.7,62.4,"4.5"
"Nola, Aaron","605400","2024","31","33","820",24,6.1,"3.57",".244",7.2,38.2,25.2,66.6,"27.8"
"Rea, Colin","607067","2024","33","32","714",18.9,6,"4.29",".272",8.7,42,19.3,64.8,"19.3"
"Rodón, Carlos","607074","2024","31","32","736",26.5,7.7,"3.96",".227",11,40.9,30.1,58.3,"49.4"
"Glasnow, Tyler","607192","2024","30","22","522",32.2,6.7,"3.49",".195",8.5,40.1,30.9,64.2,"45"
"Fedde, Erick","607200","2024","31","31","726",21.2,7.2,"3.30",".245",7.6,37.7,21.6,64.7,"0.3"
"Martinez, Nick","607259","2024","33","42","570",20.4,3.2,"3.10",".242",5.1,30.5,23.1,67.7,"22.4"
"Lugo, Seth","607625","2024","34","33","836",21.7,5.7,"3.00",".243",8,39,22.5,64.4,"24"
"Fried, Max","608331","2024","30","29","714",23.2,8,"3.25",".245",5,34.6,24.1,64.8,"33.6"
"Wacha, Michael","608379","2024","32","29","685",21.2,6.6,"3.35",".252",8.2,32.5,23.3,64.4,"23.8"
"Quantrill, Cal","615698","2024","29","29","656",16.8,10.5,"4.98",".274",7.3,41.2,21.6,62.7,
"Eflin, Zach","621107","2024","30","28","684",19.6,3.5,"3.59",".249",7.5,36.1,21.6,66.5,"8.9"
"Berríos, José","621244","2024","30","32","786",19.5,6.9,"3.60",".265",7.8,41.8,21.1,64.8,"18.3"
"Castillo, Luis","622491","2024","31","30","719",24.3,6.5,"3.64",".244",8.5,41.9,25.9,64.7,"45.3"
"Severino, Luis","622663","2024","30","31","761",21.2,7.9,"3.91",".240",5.7,35.6,22,63.5,"35.5"
"Flexen, Chris","623167","2024","29","33","707",17.4,8.9,"4.95",".258",8.1,37.4,22.7,58.7,"37"
"Suárez, Ranger","624133","2024","28","27","626",23.2,6.5,"3.46",".250",5.1,34.3,21.9,64.5,"19.5"
"López, Reynaldo","625643","2024","30","26","543",27.3,7.7,"1.99",".242",8.8,42.2,27.5,64.3,"55.2"
"Manaea, Sean","640455","2024","32","32","738",24.9,8.5,"3.47",".227",7.5,37.8,26.1,59.8,"11.3"
"López, Pablo","641154","2024","28","32","772",25.6,5.3,"4.08",".239",8.2,37.5,27,67.5,"40.8"
"Cortes Jr., Nestor","641482","2024","29","31","710",22.8,5.5,"3.77",".236",7.9,43.6,24.2,58.9,"44.2"
"Littell, Zack","641793","2024","28","29","656",21.5,4.7,"3.63",".263",9.6,39.2,23.1,66.3,"22.1"
"Ober, Bailey","641927","2024","28","31","709",26.9,6.1,"3.98",".209",8.3,34.3,29,67.4,"38.1"
"Peralta, Freddy","642547","2024","28","32","725",27.6,9.4,"3.68",".224",8.7,36.9,31.1,61.4,"53.9"
"King, Michael","650633","2024","29","31","726",27.7,8.7,"2.95",".226",6.2,30.3,29.3,66.1,"24.1"
"Civale, Aaron","650644","2024","29","31","689",21.6,7.5,"4.36",".243",7.3,39.4,21.9,63.7,"9.9"
"Sánchez, Cristopher","650911","2024","27","31","754",20.3,5.8,"3.32",".258",5.4,34.5,24.3,65.8,
"Canning, Griffin","656288","2024","28","32","739",17.6,8.9,"5.19",".259",8.6,41.9,24.5,58.2,"37.6"
"Cease, Dylan","656302","2024","28","33","762",29.4,8.5,"3.47",".210",8.5,38.6,32.4,59.8,"43.5"
"Flaherty, Jack","656427","2024","28","28","649",29.9,5.9,"3.17",".233",7.7,35.9,32.1,61.2,"44.3"
"Houck, Tanner","656557","2024","28","30","743",20.7,6.5,"3.12",".257",5.7,41.8,22.6,64.9,
"Keller, Mitch","656605","2024","28","31","773",21.5,6.5,"4.25",".249",7.2,39.3,21.5,61.4,"30.4"
"Montgomery, Jordan","656756","2024","31","25","532",15.6,8.3,"6.23",".287",6,41,26.9,62.8,"17.3"
"Peterson, David","656849","2024","28","21","510",19.8,9,"2.90",".261",7.3,42.7,25.6,63.5,"26.5"
"Steele, Justin","657006","2024","28","24","555",24.3,6.7,"3.07",".212",4.2,33.2,23.7,68.1,"59.5"
"Webb, Logan","657277","2024","27","33","841",20.5,5.9,"3.47",".272",7,46.2,20.8,69.6,"5.3"
"Ryan, Joe","657746","2024","28","23","538",27.3,4.3,"3.60",".208",8.5,36.6,26.6,70.4,"48.5"
"Gil, Luis","661563","2024","26","29","637",26.8,12.1,"3.50",".208",9.5,37.4,29,54.8,"48.8"
"Waldron, Matt","663362","2024","27","27","625",21.3,6.4,"4.91",".246",7,35,20.8,62.9,"19.1"
"Feltner, Ryan","663372","2024","27","30","692",19.9,7.5,"4.49",".255",6.5,36.8,23.9,62.6,"37"
"Falter, Bailey","663559","2024","27","28","589",16.5,7.6,"4.43",".267",9,41.3,19.6,58.7,"48.5"
"Irvin, Jake","663623","2024","27","33","769",20.3,6.8,"4.41",".253",9.2,39.1,22.3,61.5,"37.9"
"Singer, Brady","663903","2024","27","32","762",22.3,7.1,"3.71",".267",8,41.7,25.1,58.5,"11.3"
"Valdez, Framber","664285","2024","30","28","703",24,7.8,"2.91",".234",5.3,45,27.2,61.9,"1.2"
"Kremer, Dean","665152","2024","28","24","553",22.2,9.2,"4.10",".239",9.8,35.4,23.3,62.6,"32.1"
"Assad, Javier","665871","2024","26","29","638",19.4,9.9,"3.73",".261",8.8,39.8,17.9,58.8,"15.8"
"Ragans, Cole","666142","2024","26","32","762",29.3,8.8,"3.14",".216",6.2,35.4,32,58.7,"41.8"
"Gallen, Zac","668678","2024","28","28","621",25.1,8.7,"3.65",".246",7.4,41,26,58.8,"46.3"
"Greene, Hunter","668881","2024","24","26","611",27.7,9.3,"2.75",".188",5.2,32.5,29.7,62.2,"55.2"
"Myers, Tobias","668964","2024","25","27","569",22.3,6.3,"3.00",".251",8,38.7,21.3,67.1,"40.1"
"Gore, MacKenzie","669022","2024","25","32","731",24.8,8.9,"3.90",".252",6.8,38.1,28.6,58.1,"55.3"
"Nelson, Ryne","669194","2024","26","28","630",20,5.4,"4.24",".267",7.5,41.6,18.2,67.3,"55.7"
"Burnes, Corbin","669203","2024","29","32","784",23.1,6.1,"2.92",".231",6.7,31.6,28.6,63.9,
"Gilbert, Logan","669302","2024","27","33","803",27.4,4.6,"3.23",".224",7.2,39.3,31.7,67.9,"30.8"
"Skubal, Tarik","669373","2024","27","31","753",30.3,4.6,"2.39",".208",6.7,33.9,31.9,68.7,"33.2"
"Rogers, Trevor","669432","2024","26","25","562",17.3,10,"4.92",".275",8.4,44.4,20.9,58.7,"31.7"
"Pallante, Andre","669467","2024","25","29","509",18.5,9.4,"3.78",".232",3.3,38.1,19.8,60.1,"51.1"
"Blanco, Ronel","669854","2024","30","30","676",24.6,10.1,"2.80",".226",9.3,35.5,29,60.5,"38.3"
"Kirby, George","669923","2024","26","33","778",23,3,"3.53",".236",8.1,36.3,24.1,66.3,"33.9"
"Abbott, Andrew","671096","2024","25","25","586",19.5,8.9,"3.72",".235",9.3,33.5,22.6,61.6,"53.5"
"Bradley, Taj","671737","2024","23","25","578",26.6,8.1,"4.11",".231",10.2,42.9,27.4,62.5,"41.7"
"Bibee, Tanner","676440","2024","25","31","710",26.3,6.2,"3.47",".237",7,36.9,26.9,65.8,"43.4"
"Sears, JP","676664","2024","28","32","758",18.1,6.5,"4.38",".243",10.2,40.2,21.8,64.8,"36.3"
"Crawford, Kutter","676710","2024","28","33","759",23.1,6.7,"4.36",".224",9.9,36.3,25.3,63.6,"33.7"
"Crochet, Garrett","676979","2024","25","32","595",35.1,5.5,"3.58",".204",9.2,38.8,33.1,64,"53.7"
"Bello, Brayan","678394","2024","25","30","702",21.8,9.1,"4.49",".256",7.4,41.1,25.9,64.1,"4.8"
"Marsh, Alec","679525","2024","26","26","548",22.4,7.1,"4.53",".264",9.6,40.9,23.5,61.5,"37"
"Woods Richardson, Simeon","680573","2024","23","28","569",20.6,8.4,"4.17",".239",8.2,36.2,22.3,65.7,"40.3"
"Parker, Mitchell","680730","2024","24","29","646",20.6,6.7,"4.29",".256",8.1,38.9,22.3,64.9,"48.6"
"Schwellenbach, Spencer","680885","2024","24","21","500",25.4,4.6,"3.35",".239",4.9,39.8,27.4,67.2,"29.1"
"Arrighetti, Spencer","681293","2024","24","29","632",27.1,10.3,"4.53",".229",7.7,39.8,27.7,61.9,"41"
"Miller, Bryce","682243","2024","25","31","704",24.3,6.4,"2.94",".229",9.7,41.2,24.4,62.2,"42.3"
"Ortiz, Luis","682847","2024","25","37","556",19.2,7.6,"3.32",".240",8.8,37.7,21,58.8,"26.8"
"Jones, Jared","683003","2024","22","22","504",26.2,7.7,"4.14",".234",9.8,44.5,30.2,62.5,"49.3"
"Estes, Joey","683155","2024","22","25","543",16.9,5,"5.01",".245",9.7,39.6,19.2,66.4,"51.7"
"Imanaga, Shota","684007","2024","30","29","694",25.1,4,"2.91",".234",8.6,39.3,28.3,68,"52"
"Cannon, Jonathan","686563","2024","23","23","522",17.4,7.7,"4.49",".258",7.3,36.3,21.8,59.8,"12.3"
"Brown, Hunter","686613","2024","25","31","712",25.1,8.4,"3.49",".225",4.5,30.3,25.1,60.3,"34.8"
"Pepiot, Ryan","686752","2024","26","26","539",26.3,8.9,"3.60",".216",9.1,37.2,29.9,66,"50.6"
"Spence, Mitch","687765","2024","26","35","651",19.4,6.8,"4.58",".251",8.4,41.7,22.5,61.3,
"Harrison, Kyle","690986","2024","22","24","532",22.2,7.9,"4.56",".257",10.1,44.1,23.6,57.1,"57.7"
"Pfaadt, Brandon","694297","2024","25","32","760",24.3,5.5,"4.71",".246",8.1,39.4,25.4,70.7,"33.4"
"Stone, Gavin","694813","2024","25","25","580",20,6.4,"3.53",".254",6.4,36.2,24.7,62.1,"24.7"
"Skenes, Paul","694973","2024","22","23","514",33.1,6.2,"1.96",".193",5.2,36.3,28.7,61.9,"39.2"